,type,date,price,amount,commission,value,profit
0,buy,2022-01-01 21:00:00,47509.55,0.21027351343045766,10.0,9990.0,
1,sell,2022-01-02 01:00:00,47442.34,0.21027351343045766,9.975867517162339,9975.867517162338,-24.108350354824744
2,buy,2022-01-02 12:45:00,47292.95,0.2105160654599794,9.965891649645176,9955.925757995532,
3,sell,2022-01-02 14:15:00,47056.24,0.2105160654599794,9.9060945001405,9906.0945001405,-59.737352355172035
4,buy,2022-01-06 17:30:00,43150.17,0.22911363309193727,9.896188405640359,9886.292217234719,
5,sell,2022-01-09 13:15:00,41578.03,0.22911363309193727,9.52609351010556,9526.09351010556,-369.7248006392637
6,buy,2022-01-09 16:15:00,41736.01,0.22779012294608086,9.516567416595455,9507.05084917886,
7,sell,2022-01-12 21:30:00,43808.88,0.22779012294608086,9.979230161330102,9979.230161330102,462.20008198991144
8,buy,2022-01-13 13:30:00,43810.78,0.22732491136285646,9.969250931168771,9959.281680237604,
9,sell,2022-01-13 15:00:00,43779.9,0.22732491136285646,9.952261886974721,9952.26188697472,-16.972055149859134
10,buy,2022-01-14 04:00:00,42753.69,0.2323160250135756,9.942309625087747,9932.367315462658,
11,sell,2022-01-15 03:30:00,43050.0,0.2323160250135756,10.001204876834429,10001.204876834428,58.83635649493761
12,buy,2022-01-15 06:45:00,43068.4,0.23175257191550266,9.991203671957594,9981.212468285636,
13,sell,2022-01-16 04:00:00,43026.69,0.23175257191550266,9.971546068511039,9971.54606851104,-19.63794584310645
14,buy,2022-01-16 06:45:00,43200.0,0.23036141083148348,9.961574522442529,9951.612947920086,
15,sell,2022-01-17 00:30:00,43029.65,0.23036141083148348,9.912370881584945,9912.370881584944,-49.154437216727814
16,buy,2022-01-17 05:00:00,42401.27,0.23330801299566398,9.90245851070336,9892.556052192656,
17,sell,2022-01-17 15:30:00,42631.78,0.23330801299566398,9.946335882268288,9946.335882268288,43.83349419336269
18,buy,2022-01-17 18:00:00,42006.23,0.23630907026980597,9.93638954638602,9926.453156839632,
19,sell,2022-01-18 07:45:00,42061.94,0.23630907026980597,9.939617935144362,9939.617935144362,3.2251603695863214
20,buy,2022-01-18 09:30:00,41899.99,0.23674823404234727,9.929678317209218,9919.74863889201,
21,sell,2022-01-18 12:15:00,41749.34,0.23674823404234727,9.88408251743353,9884.08251743353,-45.55020397591349
22,buy,2022-01-18 15:15:00,41793.51,0.2360252641254869,9.874198434916096,9864.32423648118,
23,sell,2022-01-20 00:00:00,41751.51,0.2360252641254869,9.854411175387908,9854.411175387908,-19.76747226865836
24,buy,2022-01-20 02:00:00,41920.01,0.2346066283726628,9.844556764212522,9834.712207448309,
25,sell,2022-01-20 05:15:00,41797.39,0.2346066283726628,9.805944742677253,9805.944742677253,-38.57340951373378
26,buy,2022-01-20 06:15:00,42041.57,0.23277776398780164,9.796138797934576,9786.342659136642,
27,sell,2022-01-20 09:15:00,41905.07,0.23277776398780164,9.754568494352307,9754.568494352307,-41.528733278687234
28,buy,2022-01-20 10:00:00,42080.01,0.23134664445022934,9.744813925857954,9735.069111932096,
29,sell,2022-01-21 07:00:00,38816.68,0.23134664445022934,8.980108666698328,8980.108666698328,-763.9405539004657
30,buy,2022-01-21 13:00:00,38404.4,0.2333627769076876,8.971128558031632,8962.157429473598,
31,sell,2022-01-21 18:30:00,38394.21,0.2333627769076876,8.95977946277691,8959.779462776909,-11.33774615946679
32,buy,2022-01-21 20:30:00,38210.55,0.23401570675195246,8.950819683314132,8941.868863630818,
33,sell,2022-01-22 15:00:00,35122.66,0.23401570675195246,8.21925410290853,8219.254102908531,-730.8340148251949
34,buy,2022-01-22 16:00:00,35349.2,0.23205118684317658,8.211034848805623,8202.823813956817,
35,sell,2022-01-24 08:15:00,35136.46,0.23205118684317658,8.1534572444678,8153.4572444678,-57.52002673348471
36,buy,2022-01-24 10:00:00,33856.85,0.2403400931698049,8.145303787223332,8137.158483436108,
37,sell,2022-01-26 00:45:00,36638.5,0.2403400931698049,8.805700503601896,8805.700503601896,659.7363196621862
38,buy,2022-01-26 02:00:00,37012.71,0.23743459769077152,8.796894803098294,8788.097908295196,
39,sell,2022-01-26 18:45:00,37961.15,0.23743459769077152,9.013290378129032,9013.290378129032,216.17917945570687
40,buy,2022-01-26 20:00:00,37086.86,0.2425460880393528,9.004277087750904,8995.272810663151,
41,sell,2022-01-30 02:45:00,37951.8,0.2425460880393528,9.20506062405191,9205.06062405191,200.58275276470647
42,buy,2022-01-30 04:45:00,38099.34,0.24112385432042735,9.195855563427859,9186.65970786443,
43,sell,2022-01-30 12:45:00,37938.47,0.24112385432042735,9.147870113419904,9147.870113419904,-47.93746455794593
44,buy,2022-01-30 16:00:00,38005.99,0.24021433255818828,9.138722243306484,9129.583521063178,
45,sell,2022-02-02 21:00:00,37360.97,0.24021433255818828,8.974640472276496,8974.640472276496,-163.91768925895832
46,buy,2022-02-02 21:30:00,36710.15,0.243984297693483,8.96566583180422,8956.700165972416,
47,sell,2022-02-03 14:45:00,36505.71,0.243984297693483,8.90682001615196,8906.82001615196,-58.78696983660819
48,buy,2022-02-03 15:15:00,36887.99,0.2409731536725008,8.897913196135807,8889.015282939672,
49,sell,2022-02-05 07:00:00,41439.51,0.2409731536725008,9.985809411343135,9985.809411343134,1086.8083189921188
50,buy,2022-02-05 09:45:00,41547.36,0.23986717274767544,9.975823601931792,9965.84777832986,
51,sell,2022-02-05 12:45:00,41379.13,0.23986717274767544,9.925494923858517,9925.494923858518,-50.27834939520072
52,buy,2022-02-06 02:00:00,41616.04,0.23802490240555624,9.91556942893466,9905.653859505725,
53,sell,2022-02-06 04:00:00,41363.93,0.23802490240555624,9.84564540136026,9845.64540136026,-69.85410354682519
54,buy,2022-02-06 17:30:00,41606.33,0.2361651209371973,9.8357997559589,9825.96395620294,
55,sell,2022-02-06 23:30:00,42565.55,0.2361651209371973,10.052498263508319,10052.49826350832,216.48180904187035
56,buy,2022-02-07 11:15:00,42702.94,0.23493472157841044,10.04244576524481,10032.403319479567,
57,sell,2022-02-07 14:30:00,43309.3,0.23493472157841044,10.174858337255852,10174.858337255851,132.28015943902926
58,buy,2022-02-09 00:15:00,44016.59,0.23069753462137066,10.164683478918596,10154.518795439677,
59,sell,2022-02-09 01:45:00,43861.21,0.23069753462137066,10.11867301251021,10118.67301251021,-45.96445594197817
60,buy,2022-02-09 11:30:00,43678.01,0.2312020576294158,10.108554339497699,10098.445785158201,
61,sell,2022-02-09 13:45:00,43938.87,0.2312020576294158,10.158757153911411,10158.75715391141,50.15261159929813
62,buy,2022-02-13 14:45:00,42535.07,0.23835507496192535,10.1485983967575,10138.449798360742,
63,sell,2022-02-13 16:00:00,42367.82,0.23835507496192535,10.09858491207336,10098.58491207336,-49.96347119945537
64,buy,2022-02-15 14:15:00,44253.38,0.22774300721965474,10.088486327161286,10078.397840834125,
65,sell,2022-02-15 16:15:00,44088.98,0.22774300721965474,10.040956890447214,10040.956890447214,-47.481907277357124
66,buy,2022-02-16 06:45:00,44028.14,0.22760182505150592,10.030915933556768,10020.88501762321,
67,sell,2022-02-16 09:30:00,44054.47,0.22760182505150592,10.026877773676818,10026.877773676817,-4.034121720070269
68,buy,2022-02-18 08:30:00,40792.97,0.24530780781608294,10.01685089590314,10006.834045007237,
69,sell,2022-02-20 12:15:00,38324.41,0.24530780781608294,9.401277002944768,9401.277002944767,-614.9583190654139
70,buy,2022-02-20 16:00:00,38491.78,0.24375292205805713,9.391875725941823,9382.483850215882,
71,sell,2022-02-20 16:30:00,38263.05,0.24375292205805713,9.326730244353543,9326.730244353543,-65.08033610669196
72,buy,2022-02-20 22:00:00,38287.86,0.24310802720745114,9.31740351410919,9308.08611059508,
73,sell,2022-02-22 07:15:00,36651.35,0.24310802720745114,8.910237392989815,8910.237392989815,-406.7589549982562
74,buy,2022-02-22 08:45:00,37108.86,0.2396308005269154,8.901327155596826,8892.42582844123,
75,sell,2022-02-24 10:15:00,34946.8,0.2396308005269154,8.374329659854007,8374.329659854007,-526.4704982470761
76,buy,2022-02-24 13:30:00,35585.17,0.23486158348727743,8.365955330194154,8357.58937486396,
77,sell,2022-02-28 02:45:00,37768.41,0.23486158348727743,8.870348578396724,8870.348578396724,503.88885495436807
78,buy,2022-02-28 07:15:00,38212.22,0.23166978394839421,8.861478229818328,8852.616751588508,
79,sell,2022-03-01 09:30:00,43234.3,0.23166978394839421,10.01608094016006,10016.08094016006,1153.448107631392
80,buy,2022-03-02 03:30:00,44434.82,0.22496003796933753,10.006064859219899,9996.058794360679,
81,sell,2022-03-02 06:30:00,44052.35,0.22496003796933753,9.910018328638545,9910.018328638545,-95.95048405077132
82,buy,2022-03-02 15:00:00,44077.01,0.2243847348538296,9.900108310309907,9890.208201999596,
83,sell,2022-03-02 18:30:00,43637.06,0.2243847348538296,9.791490137900654,9791.490137900653,-108.50955423684397
84,buy,2022-03-05 07:15:00,39088.03,0.24999768341139192,9.781698647762752,9771.91694911499,
85,sell,2022-03-05 14:00:00,39050.7,0.24999768341139192,9.762584535593241,9762.584535593242,-19.094998057340938
86,buy,2022-03-05 16:15:00,39264.25,0.24814097121698728,9.75282195105765,9743.069129106592,
87,sell,2022-03-07 08:00:00,37935.56,0.24814097121698728,9.413366702060294,9413.366702060293,-339.1157937483597
88,buy,2022-03-07 08:45:00,38160.12,0.24618762682147943,9.403953335358233,9394.549382022875,
89,sell,2022-03-09 18:15:00,42094.12,0.24618762682147943,10.363051505938575,10363.051505938574,958.1390724097615
90,buy,2022-03-10 13:15:00,39328.16,0.26297532775441823,10.352688454432634,10342.335765978201,
91,sell,2022-03-11 23:45:00,38729.57,0.26297532775441823,10.184921364537685,10184.921364537684,-167.59932280505586
92,buy,2022-03-12 00:15:00,39043.99,0.2603361415349705,10.174736443173146,10164.561706729972,
93,sell,2022-03-16 07:00:00,39510.96,0.2603361415349705,10.286130874742557,10286.130874742557,111.28303713784291
94,buy,2022-03-16 08:00:00,39754.99,0.25822088998447607,10.275844743867815,10265.568899123946,
95,sell,2022-03-16 16:15:00,40135.14,0.25822088998447607,10.363731570451543,10363.731570451544,87.79893975714741
96,buy,2022-03-18 23:30:00,41827.34,0.24727880068496377,10.353367838881093,10343.014471042212,
97,sell,2022-03-19 01:15:00,41767.41,0.24727880068496377,10.328195052517163,10328.195052517163,-25.147613577565316
98,buy,2022-03-19 03:45:00,41793.66,0.24662948855417738,10.317866857464645,10307.548990607182,
99,sell,2022-03-19 07:00:00,41671.93,0.24662948855417738,10.27752678296548,10277.52678296548,-40.29973442466628
100,buy,2022-03-19 20:00:00,41975.0,0.24435930927757787,10.267249256182515,10256.982006926331,
101,sell,2022-03-19 21:45:00,42115.73,0.24435930927757787,10.291370692520966,10291.370692520966,24.097314902113354
102,buy,2022-03-21 11:45:00,41244.28,0.24902357957289148,10.281079321828445,10270.798242506617,
103,sell,2022-03-21 12:30:00,40934.82,0.24902357957289148,10.19373540557199,10193.73540557199,-87.25657234019876
104,buy,2022-03-21 13:15:00,41279.08,0.24645312173857195,10.183541670166418,10173.358128496251,
105,sell,2022-03-21 13:45:00,41104.03,0.24645312173857195,10.130216509535915,10130.216509535914,-53.27183546987365
106,buy,2022-03-22 14:30:00,42875.56,0.23579788128092907,10.120086293026377,10109.96620673335,
107,sell,2022-03-22 15:45:00,42573.81,0.23579788128092907,10.03881419605683,10038.81419605683,-81.19082487257718
108,buy,2022-03-25 05:15:00,44033.98,0.227523076643967,10.028775381860772,10018.746606478911,
109,sell,2022-03-25 07:30:00,43977.61,0.227523076643967,10.00592113064849,10005.92113064849,-22.831396961069508
110,buy,2022-03-26 11:15:00,44475.77,0.2245249333357989,9.995915209517841,9985.919294308324,
111,sell,2022-03-26 11:45:00,44334.49,0.2245249333357989,9.954198411726642,9954.198411726642,-41.67508099340805
112,buy,2022-03-26 23:45:00,44511.27,0.2231861721559866,9.944244213314917,9934.299969101601,
113,sell,2022-03-27 02:00:00,44934.44,0.2231861721559866,10.028745661572852,10028.745661572852,84.41694680967723
114,buy,2022-03-27 07:15:00,44695.24,0.22393208312552673,10.018716915911279,10008.698198995367,
115,sell,2022-03-27 08:15:00,44618.33,0.22393208312552673,9.991475582482185,9991.475582482184,-27.2140920956656
116,buy,2022-03-28 04:00:00,46945.35,0.21240660944678869,9.981484106899702,9971.502622792801,
117,sell,2022-03-28 05:45:00,47056.19,0.21240660944678869,9.995045771383884,9995.045771383884,13.548102819698977
118,buy,2022-03-29 09:15:00,47629.26,0.20943146450074782,9.985050725612501,9975.065674886888,
119,sell,2022-03-29 12:00:00,48019.2,0.20943146450074782,10.056731380154309,10056.73138015431,71.60897388726626
120,buy,2022-04-02 08:00:00,46560.09,0.21556289891461508,10.046674648774156,10036.62797412538,
121,sell,2022-04-02 11:45:00,46542.84,0.21556289891461508,10.032909514119103,10032.909514119103,-13.751369520396214
122,buy,2022-04-03 09:45:00,46362.66,0.2159680598136599,10.022876604604985,10012.853728000378,
123,sell,2022-04-03 10:30:00,46133.95,0.2159680598136599,9.963459673040395,9963.459673040396,-59.35751463302394
124,buy,2022-04-03 13:00:00,46305.14,0.21473950229184033,9.953496213367355,9943.542717153987,
125,sell,2022-04-03 14:15:00,46379.5,0.21473950229184033,9.959510746544408,9959.510746544409,6.008518643876963
126,buy,2022-04-03 19:30:00,46477.62,0.21385780262763168,9.949551235797864,9939.601684562067,
127,sell,2022-04-03 22:15:00,47288.67,0.21385780262763168,10.113051055383206,10113.051055383206,163.33631976575654
128,buy,2022-04-07 10:00:00,43455.31,0.23225780845478944,10.102938004327823,10092.835066323496,
129,sell,2022-04-07 12:45:00,43554.97,0.23225780845478944,10.1159818795141,10115.9818795141,13.030831311091026
130,buy,2022-04-08 00:00:00,43521.74,0.2319705055849548,10.105865897634585,10095.76003173695,
131,sell,2022-04-08 06:30:00,43499.99,0.2319705055849548,10.090714673240479,10090.714673240478,-15.136073169713246
132,buy,2022-04-09 12:15:00,42458.95,0.23718305173841253,10.080623958567237,10070.54333460867,
133,sell,2022-04-09 14:00:00,42391.18,0.23718305173841253,10.054469439192358,10054.469439192359,-26.12836485550382
134,buy,2022-04-10 06:45:00,42785.32,0.23452835119109577,10.044414969753166,10034.370554783414,
135,sell,2022-04-10 07:00:00,42657.74,0.23452835119109577,10.004449427738454,10004.449427738453,-39.925576472698864
136,buy,2022-04-10 12:15:00,42607.17,0.23433733179961033,9.994444978310714,9984.450533332403,
137,sell,2022-04-10 17:15:00,43037.81,0.23433733179961033,10.085365561898588,10085.365561898587,90.82966300428548
138,buy,2022-04-10 21:00:00,43174.88,0.23312641323242475,10.075280196336687,10065.20491614035,
139,sell,2022-04-10 21:45:00,42706.0,0.23312641323242475,9.955896603503932,9955.896603503932,-119.26420923992264
140,buy,2022-04-12 23:15:00,40109.92,0.2477191369664544,9.945940706900428,9935.994766193528,
141,sell,2022-04-14 06:00:00,41209.02,0.2477191369664544,10.208262869633359,10208.262869633358,262.0598405701963
142,buy,2022-04-15 00:15:00,40102.39,0.2540461192501734,10.198054606763725,10187.856552156962,
143,sell,2022-04-17 22:30:00,40154.35,0.2540461192501734,10.2010567885132,10201.0567885132,2.9991795677255872
144,buy,2022-04-17 23:15:00,39650.58,0.2567595449043359,10.190855731724687,10180.664875992963,
145,sell,2022-04-18 07:45:00,38919.85,0.2567595449043359,9.993042973745018,9993.042973745018,-197.61494522169122
146,buy,2022-04-18 10:15:00,39039.4,0.2554615819105955,9.983049930771273,9973.0668808405,
147,sell,2022-04-20 00:15:00,41275.14,0.2554615819105955,10.544212557981297,10544.212557981296,560.6014645828129
148,buy,2022-04-21 00:45:00,41528.1,0.2533979324139051,10.533668345423315,10523.134677077893,
149,sell,2022-04-21 05:30:00,41495.23,0.2533979324139051,10.51480548703945,10514.80548703945,-18.84399552548333
150,buy,2022-04-22 22:00:00,39700.0,0.26432711312017276,10.504290681552412,10493.786390870859,
151,sell,2022-04-26 23:30:00,38109.99,0.26432711312017276,10.073503637738652,10073.503637738651,-430.3562567699451
152,buy,2022-04-27 01:45:00,38310.79,0.2624160635676479,10.063430134100912,10053.36670396681,
153,sell,2022-04-29 02:00:00,39718.13,0.2624160635676479,10.422675326868102,10422.675326868102,358.88594757442456
154,buy,2022-04-29 05:15:00,39595.79,0.2627006658760866,10.412252651541234,10401.840398889692,
155,sell,2022-04-29 14:15:00,38937.07,0.2627006658760866,10.228794216263795,10228.794216263796,-183.27497684215987
156,buy,2022-04-29 23:30:00,38654.89,0.2640894038665091,10.218565422047531,10208.346856625483,
157,sell,2022-04-30 08:15:00,38582.95,0.2640894038665091,10.189348264911327,10189.348264911327,-29.187939979068606
158,buy,2022-04-30 14:45:00,38258.27,0.2657982119350867,10.179158916646415,10168.979757729769,
159,sell,2022-05-03 23:00:00,37662.5,0.2657982119350867,10.010625157005203,10010.625157005203,-168.36522588157092
160,buy,2022-05-04 00:45:00,37902.06,0.26359026177775957,10.000614531848198,9990.61391731635,
161,sell,2022-05-05 12:00:00,39526.03,0.26359026177775957,10.418676594735578,10418.676594735578,417.64400082449293
162,buy,2022-05-05 13:30:00,39219.92,0.2651165443535505,10.408257918140842,10397.8496602227,
163,sell,2022-05-06 07:00:00,36413.65,0.2651165443535505,9.653861055299664,9653.861055299663,-753.6424659783369
164,buy,2022-05-06 07:30:00,35919.3,0.26822802746852303,9.644207194244364,9634.56298705012,
165,sell,2022-05-06 07:45:00,36371.94,0.26822802746852303,9.755973721403473,9755.973721403472,111.65476063194863
166,buy,2022-05-06 11:00:00,35793.18,0.27202029911660225,9.746217747682069,9736.471529934386,
167,sell,2022-05-07 01:15:00,35962.92,0.27202029911660225,9.782644255506437,9782.644255506437,36.39008131654508
168,buy,2022-05-07 05:30:00,35889.62,0.27203098694384836,9.77286161125093,9763.088749639679,
169,sell,2022-05-08 13:00:00,34627.27,0.27203098694384836,9.41969043327111,9419.690433271111,-352.81800680183966
170,buy,2022-05-08 17:00:00,34025.77,0.27628648733283634,9.41027074283784,9400.860472095002,
171,sell,2022-05-12 02:45:00,28809.82,0.27628648733283634,7.959763968491295,7959.763968491295,-1449.056267572198
172,buy,2022-05-12 05:00:00,26975.25,0.2944867017105784,7.951804204522803,7943.85240031828,
173,sell,2022-05-12 22:00:00,28569.53,0.2944867017105784,8.41334665912142,8413.34665912142,461.0809121440191
174,buy,2022-05-12 23:00:00,29013.76,0.2893981469189046,8.4049333124623,8396.528379149837,
175,sell,2022-05-14 03:15:00,29546.23,0.2893981469189046,8.550624210439747,8550.624210439746,145.54520707946972
176,buy,2022-05-14 07:15:00,29563.66,0.28864935913358075,8.542073586229305,8533.531512643076,
177,sell,2022-05-14 08:00:00,29408.12,0.28864935913358075,8.488634991323439,8488.634991323439,-53.38515631096084
178,buy,2022-05-14 11:15:00,28928.54,0.29284803899456324,8.480146356332115,8471.666209975783,
179,sell,2022-05-16 10:00:00,29744.89,0.29284803899456324,8.710732706608995,8710.732706608995,230.35576392660226
180,buy,2022-05-16 10:45:00,30177.89,0.2880691775312483,8.702021973902385,8693.319951928483,
181,sell,2022-05-16 13:30:00,29779.99,0.2880691775312483,8.5786972261888,8578.697226188799,-123.20142296587186
182,buy,2022-05-16 17:15:00,29647.0,0.2887829598419283,8.57011852896261,8561.548410433648,
183,sell,2022-05-20 22:45:00,29152.93,0.2887829598419283,8.418869413464547,8418.869413464547,-151.09786638256597
184,buy,2022-05-21 02:15:00,29233.37,0.28741264156363194,8.410450544051082,8402.04009350703,
185,sell,2022-05-21 12:45:00,29293.05,0.28741264156363194,8.419192879955549,8419.192879955548,8.733593568562089
186,buy,2022-05-21 14:30:00,29420.0,0.2856003709513432,8.410773687075594,8402.362913388517,
187,sell,2022-05-23 23:15:00,29094.39,0.2856003709513432,8.30936857660305,8309.36857660305,-101.30370536207008
188,buy,2022-05-24 04:15:00,29352.96,0.28251863351493073,8.301059208026446,8292.75814881842,
189,sell,2022-05-24 12:15:00,29197.18,0.28251863351493073,8.248747396089467,8248.747396089466,-52.25950012504505
190,buy,2022-05-24 14:00:00,28775.24,0.2860882533054349,8.240498648693375,8232.258150044683,
191,sell,2022-05-26 23:15:00,29389.72,0.2860882533054349,8.408053659935808,8408.053659935807,167.3874562311877
192,buy,2022-05-27 01:15:00,28931.05,0.29004291101324,8.399645606275872,8391.245960669596,
193,sell,2022-05-31 22:15:00,31792.34,0.29004291101324,9.221142841522669,9221.14284152267,820.675738011551
194,buy,2022-06-01 00:30:00,31943.91,0.28808964766625206,9.211921698681147,9202.709776982465,
195,sell,2022-06-01 07:30:00,31491.81,0.28808964766625206,9.072464447272555,9072.464447272554,-139.3177941571847
196,buy,2022-06-01 08:45:00,31624.91,0.2863036951201587,9.063391982825282,9054.328590842457,
197,sell,2022-06-01 11:15:00,31515.95,0.2863036951201587,9.023132940222165,9023.132940222165,-40.21878356051441
198,buy,2022-06-01 11:45:00,31609.16,0.28488880114101933,9.014109807281944,9005.095697474662,
199,sell,2022-06-02 04:00:00,29683.58,0.28488880114101933,8.45651951977354,8456.51951977354,-557.032697220897
200,buy,2022-06-02 05:30:00,29863.07,0.2826104260966308,8.448063000253766,8439.614937253511,
201,sell,2022-06-05 14:00:00,29676.21,0.2826104260966308,8.386806353033094,8386.806353033095,-61.195390573449686
202,buy,2022-06-05 14:30:00,29776.5,0.28109553262248355,8.37841954668006,8370.041127133381,
203,sell,2022-06-08 23:30:00,30214.71,0.28109553262248355,8.49322000048388,8493.22000048388,114.68565335001438
204,buy,2022-06-09 03:15:00,30260.28,0.28011115738859366,8.484726780483395,8476.242053702912,
205,sell,2022-06-09 23:15:00,30092.3,0.28011115738859366,8.429188981484776,8429.188981484776,-55.482261199620616
206,buy,2022-06-10 00:45:00,29755.12,0.2827190423937389,8.420759792503292,8412.339032710788,
207,sell,2022-06-10 19:45:00,28980.02,0.2827190423937389,8.193203502951402,8193.2035029514,-227.32873326233803
208,buy,2022-06-10 20:15:00,29204.95,0.27998080082825005,8.18501029944845,8176.825289149002,
209,sell,2022-06-10 23:15:00,29115.46,0.27998080082825005,8.15176980728288,8151.769807282881,-33.20725167340343
210,buy,2022-06-11 00:45:00,29233.79,0.27829010263254,8.143618037475598,8135.474419438122,
211,sell,2022-06-11 20:30:00,28495.08,0.27829010263254,7.929898737722438,7929.898737722438,-213.5055804534058
212,buy,2022-06-11 21:30:00,28599.23,0.2767223757473796,7.921968838984716,7914.046870145731,
213,sell,2022-06-15 00:45:00,21808.32,0.2767223757473796,6.034850121459094,6034.850121459094,-1885.2315988080968
214,buy,2022-06-15 01:30:00,22264.16,0.27051487485116427,6.028815271337635,6022.786456066297,
215,sell,2022-06-17 22:00:00,20534.69,0.27051487485116427,5.554939095457454,5554.939095457454,-473.4022997043008
216,buy,2022-06-18 00:00:00,20619.33,0.26886590263629484,5.549384156361996,5543.834772205634,
217,sell,2022-06-18 02:00:00,20500.63,0.26886590263629484,5.511920389562706,5511.920389562705,-37.4263030324911
218,buy,2022-06-18 06:45:00,19439.26,0.2829789848329602,5.5064084691731425,5500.902060703969,
219,sell,2022-06-18 10:15:00,19452.48,0.2829789848329602,5.504643042883461,5504.643042883461,-1.7636608633913977
220,buy,2022-06-18 18:15:00,18262.51,0.3008151268057204,5.499138399840577,5493.639261440737,
221,sell,2022-06-20 04:45:00,19857.89,0.3008151268057204,5.973553698444048,5973.553698444048,473.94088330486653
222,buy,2022-06-20 06:00:00,20162.17,0.2956830819599705,5.967580144745604,5961.612564600858,
223,sell,2022-06-22 20:00:00,20203.59,0.2956830819599705,5.973859757855641,5973.859757855641,6.273333496926896
224,buy,2022-06-22 23:00:00,20111.12,0.2964488309054736,5.967885898097786,5961.918012199688,
225,sell,2022-06-25 06:00:00,21245.95,0.2964488309054736,6.298337038976147,6298.337038976147,330.1206897374829
226,buy,2022-06-25 07:00:00,21464.02,0.2928503916430954,6.29203870193717,6285.7466632352325,
227,sell,2022-06-27 18:00:00,20748.3,0.2928503916430954,6.076147780928436,6076.147780928436,-215.67503008772502
228,buy,2022-06-27 20:00:00,20924.37,0.2898056936249149,6.070071633147508,6064.001561514359,
229,sell,2022-06-29 10:30:00,20071.07,0.2898056936249149,5.81671036314422,5816.71036314422,-253.10790873328386
230,buy,2022-06-29 13:15:00,20122.7,0.28848428685654975,5.8108936527810755,5805.082759128294,
231,sell,2022-06-29 16:15:00,20020.91,0.28848428685654975,5.775717943569165,5775.717943569165,-35.140533502697615
232,buy,2022-06-29 19:15:00,20142.35,0.2861717864797291,5.769942225625596,5764.17228339997,
233,sell,2022-06-30 04:00:00,20052.19,0.2861717864797291,5.7383710351309585,5738.371035130958,-31.539619304143287
234,buy,2022-06-30 06:15:00,19800.0,0.28923737532483496,5.732632664095828,5726.900031431732,
235,sell,2022-07-01 23:00:00,19360.26,0.28923737532483496,5.599710788006389,5599.710788006389,-132.78895421334977
236,buy,2022-07-02 05:15:00,19252.18,0.29027969643651597,5.594111077218382,5588.516966141164,
237,sell,2022-07-02 07:30:00,19192.56,0.29027969643651597,5.571210490639619,5571.210490639619,-22.877685992184404
238,buy,2022-07-02 09:45:00,19170.15,0.2900380873842317,5.56563928014898,5560.07364086883,
239,sell,2022-07-02 15:45:00,19229.39,0.2900380873842317,5.577255497165471,5577.255497165471,11.604600799475826
240,buy,2022-07-02 16:15:00,19307.49,0.28828742438435223,5.571678241668305,5566.106563426637,
241,sell,2022-07-03 12:30:00,19043.33,0.28828742438435223,5.489952557401267,5489.952557401267,-81.64395858277172
242,buy,2022-07-03 14:30:00,19065.59,0.2873752211307923,5.484462604843866,5478.978142239022,
243,sell,2022-07-03 16:00:00,19048.55,0.2873752211307923,5.474081268470953,5474.081268470953,-10.370955036539904
244,buy,2022-07-03 16:30:00,19140.29,0.28542611318926087,5.4686071872024815,5463.138580015278,
245,sell,2022-07-04 07:15:00,19114.47,0.28542611318926087,5.455768877772732,5455.768877772732,-12.825471120319364
246,buy,2022-07-04 09:15:00,19235.95,0.28305660993016013,5.450313108894958,5444.8627957860635,
247,sell,2022-07-09 04:15:00,21560.74,0.28305660993016013,6.102909971985602,6102.909971985601,651.9442662275517
248,buy,2022-07-09 07:00:00,21650.97,0.28131350488923135,6.096807062013616,6090.710254951601,
249,sell,2022-07-09 23:00:00,21622.24,0.28131350488923135,6.082628117956134,6082.628117956134,-14.164765113423627
250,buy,2022-07-10 00:45:00,21372.91,0.2840263185662757,6.076545489838177,6070.468944348339,
251,sell,2022-07-10 06:00:00,21305.43,0.2840263185662757,6.0513028483714875,6051.302848371487,-25.217398825223647
252,buy,2022-07-10 14:00:00,20990.6,0.2877100365867385,6.045251545523116,6039.206293977592,
253,sell,2022-07-10 22:30:00,20827.69,0.2877100365867385,5.992335451917247,5992.335451917247,-52.86317751226277
254,buy,2022-07-11 06:00:00,20381.28,0.2934240034653793,5.9863431164653305,5980.356773348865,
255,sell,2022-07-11 11:30:00,20480.72,0.2934240034653793,6.009534856253463,6009.534856253463,23.168548048344537
256,buy,2022-07-11 12:30:00,20567.67,0.29159947607462644,6.003525321397209,5997.521796075812,
257,sell,2022-07-12 05:45:00,19956.82,0.29159947607462644,5.819398256115626,5819.398256115626,-183.94293821630075
258,buy,2022-07-12 07:00:00,19694.33,0.2948952962097035,5.81357885785951,5807.765279001651,
259,sell,2022-07-13 16:15:00,19372.1,0.2948952962097035,5.712741167703998,5712.741167703997,-100.7368524653577
260,buy,2022-07-13 17:00:00,19880.01,0.2867866463905077,5.707028426536294,5701.321398109757,
261,sell,2022-07-14 12:30:00,19798.07,0.2867866463905077,5.677822100304519,5677.822100304519,-29.177119905542348
262,buy,2022-07-14 14:45:00,19893.58,0.2848392362725065,5.6721442782042155,5666.47213392601,
263,sell,2022-07-16 04:00:00,20709.84,0.2848392362725065,5.898975008925806,5898.975008925806,226.6038999908699
264,buy,2022-07-16 10:00:00,20636.44,0.2852809378886554,5.893076033916881,5887.182957882963,
265,sell,2022-07-17 17:30:00,21195.59,0.2852809378886554,6.046697794303405,6046.697794303405,153.46813862613865
266,buy,2022-07-17 23:30:00,20818.89,0.2898622570853966,6.0406510965091025,6034.610445412592,
267,sell,2022-07-19 10:15:00,21861.57,0.2898622570853966,6.336844023630393,6336.844023630393,295.89673419417096
268,buy,2022-07-19 10:30:00,22049.32,0.2868195786730455,6.330507179606763,6324.1766724271565,
269,sell,2022-07-20 23:30:00,23369.18,0.2868195786730455,6.702738361534562,6702.7383615345625,371.8589507458715
270,buy,2022-07-21 07:15:00,22998.08,0.29086513254801505,6.696035623173028,6689.3395875498545,
271,sell,2022-07-22 23:30:00,22682.18,0.29086513254801505,6.597455292177936,6597.455292177936,-98.48175066409632
272,buy,2022-07-23 01:30:00,22850.52,0.28814517039651055,6.590857836885758,6584.266979048873,
273,sell,2022-07-23 15:00:00,22279.57,0.28814517039651055,6.419750494010985,6419.750494010985,-170.93623553189892
274,buy,2022-07-23 18:15:00,22227.16,0.28824723503917987,6.4133307435169735,6406.917412773457,
275,sell,2022-07-24 14:00:00,22595.56,0.28824723503917987,6.513107694161891,6513.107694161891,99.6771736942724
276,buy,2022-07-24 15:00:00,22861.31,0.28432701327619725,6.50659458646773,6500.087991881262,
277,sell,2022-07-25 18:00:00,21861.64,0.28432701327619725,6.215854806519444,6215.8548065194445,-290.44904016833607
278,buy,2022-07-25 19:45:00,21890.17,0.2833888139179007,6.209638951712925,6203.429312761212,
279,sell,2022-07-25 22:30:00,21672.01,0.2833888139179007,6.141605209116883,6141.605209116883,-67.96570885344606
280,buy,2022-07-26 00:30:00,21056.6,0.29108821653561634,6.135463603907766,6129.328140303858,
281,sell,2022-07-26 06:30:00,21091.12,0.29108821653561634,6.139376505538668,6139.376505538668,3.908988729270935
282,buy,2022-07-26 09:30:00,21140.46,0.2898283146111341,6.133237129033129,6127.103891904097,
283,sell,2022-08-01 04:00:00,23372.62,0.2898283146111341,6.774047062646485,6774.047062646485,640.1691236797426
284,buy,2022-08-01 07:15:00,23137.4,0.2921895175157215,6.7672730155838385,6760.505742568254,
285,sell,2022-08-01 22:00:00,22971.7,0.2921895175157215,6.7120899395158995,6712.0899395158995,-55.12789299187116
286,buy,2022-08-01 22:45:00,23164.79,0.2891747549503711,6.705377849576384,6698.672471726807,
287,sell,2022-08-02 01:45:00,22997.14,0.2891747549503711,6.650192324059377,6650.192324059377,-55.13033999148951
288,buy,2022-08-02 07:45:00,22887.8,0.28997538381161936,6.643542131735318,6636.898589603581,
289,sell,2022-08-02 13:45:00,22799.96,0.28997538381161936,6.611427151889568,6611.427151889568,-32.08286486590225
290,buy,2022-08-02 14:15:00,23076.65,0.2859258561798589,6.604815724737678,6598.210909012941,
291,sell,2022-08-04 12:15:00,22851.05,0.2859258561798589,6.533706035858764,6533.706035858764,-71.03857919003556
292,buy,2022-08-04 13:30:00,23087.36,0.28243355487561517,6.527172329822905,6520.6451574930825,
293,sell,2022-08-04 14:30:00,22846.81,0.28243355487561517,6.452705765867754,6452.705765867754,-74.39209739119677
294,buy,2022-08-04 19:45:00,22451.24,0.28683523970354347,6.446253060101887,6439.806807041784,
295,sell,2022-08-07 04:45:00,22950.57,0.28683523970354347,6.583032247282954,6583.032247282954,136.64240799388688
296,buy,2022-08-07 09:45:00,22977.27,0.28592921464650217,6.576449215035671,6569.872765820635,
297,sell,2022-08-07 23:30:00,23194.17,0.28592921464650217,6.631890812477461,6631.890812477461,55.38615584434824
298,buy,2022-08-08 00:00:00,23286.75,0.2842231596398518,6.625258921664983,6618.633662743318,
299,sell,2022-08-09 17:30:00,23021.76,0.2842231596398518,6.543317367670354,6543.317367670354,-81.85961244063513
300,buy,2022-08-09 20:15:00,23118.59,0.2824669357539703,6.536774050302683,6530.23727625238,
301,sell,2022-08-12 02:30:00,23949.1,0.2824669357539703,6.76482889106541,6764.82889106541,227.82678592196402
302,buy,2022-08-12 09:15:00,24035.32,0.2808910386095201,6.758064062174345,6751.3059981121705,
303,sell,2022-08-12 10:00:00,23918.35,0.2808910386095201,6.718450173326014,6718.450173326014,-39.574274959481905
304,buy,2022-08-12 13:00:00,23822.71,0.2814549642517386,6.711731723152687,6705.019991429535,
305,sell,2022-08-13 22:45:00,24387.08,0.2814549642517386,6.86386472960429,6863.86472960429,151.98087344515014
306,buy,2022-08-14 00:45:00,24510.36,0.27947952882005045,6.857000864874687,6850.143864009812,
307,sell,2022-08-15 11:45:00,24049.48,0.27947952882005045,6.721337338767227,6721.337338767226,-135.52786258135237
308,buy,2022-08-15 13:15:00,24120.54,0.2780991381381607,6.714616001428459,6707.901385427031,
309,sell,2022-08-16 18:30:00,23799.11,0.2780991381381607,6.618511979455281,6618.511979455281,-96.00791795120435
310,buy,2022-08-16 20:45:00,23979.93,0.2754504109898715,6.611893467475825,6605.28157400835,
311,sell,2022-08-18 22:00:00,23344.02,0.2754504109898715,6.43011990315578,6430.11990315578,-181.5917907557249
312,buy,2022-08-19 00:00:00,23067.79,0.27819162969098343,6.423689783252624,6417.266093469371,
313,sell,2022-08-19 05:30:00,22791.3,0.27819162969098343,6.340348889776111,6340.348889776111,-83.25755258303657
314,buy,2022-08-19 06:30:00,22040.05,0.2870989191197592,6.334008540886336,6327.674532345449,
315,sell,2022-08-22 01:30:00,21421.99,0.2870989191197592,6.150230174394291,6150.230174394291,-183.594588125552
316,buy,2022-08-22 05:00:00,21480.5,0.28574455270015486,6.144079944219897,6137.935864275677,
317,sell,2022-08-22 05:45:00,21428.66,0.28574455270015486,6.123122866663701,6123.122866663701,-20.936120478639772
318,buy,2022-08-22 07:15:00,21204.46,0.28818855769273255,6.116999743797037,6110.88274405324,
319,sell,2022-08-24 07:30:00,21288.27,0.28818855769273255,6.135035827073468,6135.035827073468,18.01804719315482
320,buy,2022-08-24 11:15:00,21409.75,0.28598054112986593,6.128900791246394,6122.7718904551475,
321,sell,2022-08-25 03:30:00,21477.48,0.28598054112986593,6.142141352505872,6142.141352505872,13.227320698219822
322,buy,2022-08-25 06:00:00,21596.94,0.28383017279032186,6.135999211153367,6129.863211942214,
323,sell,2022-08-26 04:30:00,21525.68,0.28383017279032186,6.109637473829175,6109.637473829175,-26.335375586867055
324,buy,2022-08-26 05:15:00,21359.9,0.28546127596660054,6.1035278363553465,6097.424308518991,
325,sell,2022-08-26 08:45:00,21415.12,0.28546127596660054,6.113187480177866,6113.187480177866,9.64998417869711
326,buy,2022-08-26 11:15:00,21186.92,0.2879591379211792,6.107074292697688,6100.96721840499,
327,sell,2022-08-26 19:45:00,20644.47,0.2879591379211792,5.9447637840396474,5944.763784039647,-162.1481981493825
328,buy,2022-08-26 23:15:00,20294.65,0.2923371529558456,5.938819020255608,5932.880201235353,
329,sell,2022-08-27 19:15:00,19982.53,0.2923371529558456,5.841635929054774,5841.635929054773,-97.08590810963408
330,buy,2022-08-27 22:30:00,20036.01,0.2909740262074431,5.835794293125718,5829.958498832591,
331,sell,2022-08-30 22:15:00,19788.28,0.2909740262074431,5.757875503320222,5757.875503320222,-77.84087101568997
332,buy,2022-08-31 00:30:00,19976.47,0.28765670362126466,5.752117627816903,5746.365510189085,
333,sell,2022-09-01 13:45:00,19972.45,0.28765670362126466,5.745209130240528,5745.209130240528,-6.901589078798137
334,buy,2022-09-01 16:45:00,19659.51,0.2916514428482285,5.739463921110287,5733.724457189177,
335,sell,2022-09-05 09:00:00,19752.0,0.2916514428482285,5.760699299138209,5760.699299138209,21.214142649894914
336,buy,2022-09-05 13:00:00,19755.6,0.2910153911417133,5.754938599839071,5749.183661239231,
337,sell,2022-09-05 22:00:00,19749.49,0.2910153911417133,5.747405557199356,5747.405557199356,-7.525509597074334
338,buy,2022-09-05 23:30:00,19822.76,0.28936013418366135,5.741658151642157,5735.916493490515,
339,sell,2022-09-06 05:30:00,19818.22,0.28936013418366135,5.734602798481322,5734.602798481322,-7.048297807674344
340,buy,2022-09-06 07:00:00,19889.8,0.28774242714794307,5.728868195682841,5723.139327487158,
341,sell,2022-09-06 23:00:00,18870.07,0.28774242714794307,5.429719742251586,5429.719742251586,-298.8493049778234
342,buy,2022-09-07 05:30:00,18780.11,0.2885428111170182,5.424290022509334,5418.8657324868245,
343,sell,2022-09-08 07:00:00,19230.42,0.2885428111170182,5.548799445760928,5548.799445760928,124.38491382834285
344,buy,2022-09-08 08:45:00,19227.74,0.2880061513037337,5.543250646315168,5537.707395668853,
345,sell,2022-09-08 16:00:00,19152.24,0.2880061513037337,5.515962931245421,5515.962931245421,-27.260427354677315
346,buy,2022-09-08 19:45:00,19352.38,0.2844578558991639,5.5104469683141755,5504.936521345861,
347,sell,2022-09-13 22:30:00,20209.24,0.2844578558991639,5.748677079751619,5748.677079751619,237.9918813260061
348,buy,2022-09-14 02:00:00,20360.57,0.28177921709800835,5.742928402671868,5737.185474269196,
349,sell,2022-09-14 11:30:00,20282.13,0.28177921709800835,5.7150827124800285,5715.082712480028,-27.817844501647436
350,buy,2022-09-14 12:30:00,20313.94,0.2807755788457474,5.709367629767549,5703.658262137781,
351,sell,2022-09-15 22:15:00,19786.45,0.2807755788457474,5.555551952052439,5555.5519520524385,-153.66186203739517
352,buy,2022-09-16 04:00:00,19833.51,0.27954942941013905,5.549996400100387,5544.446403700286,
353,sell,2022-09-17 10:30:00,19843.99,0.27954942941013905,5.547376081720506,5547.376081720506,-2.6176980615013536
354,buy,2022-09-17 13:15:00,19870.31,0.2786210621240004,5.541828705638785,5536.286876933146,
355,sell,2022-09-20 07:45:00,19357.93,0.2786210621240004,5.393527017122051,5393.527017122051,-148.15338682821763
356,buy,2022-09-20 13:15:00,18886.81,0.28500023861175194,5.388133490104929,5382.745356614823,
357,sell,2022-09-20 17:15:00,18948.86,0.28500023861175194,5.400429621420683,5400.429621420682,12.283835184438319
358,buy,2022-09-20 19:00:00,19045.9,0.28298133260215913,5.395029191799262,5389.634162607463,
359,sell,2022-09-25 16:45:00,18972.58,0.28298133260215913,5.368885971301072,5368.8859713010725,-26.117077277691298
360,buy,2022-09-25 22:15:00,18873.22,0.28390245905279765,5.363517085329772,5358.153568244442,
361,sell,2022-09-26 04:45:00,18808.23,0.28390245905279765,5.339702747430601,5339.7027474306005,-23.790523561272373
362,buy,2022-09-26 07:15:00,18861.32,0.2825374195251704,5.334363044683171,5329.028681638487,
363,sell,2022-09-29 12:15:00,19380.12,0.2825374195251704,5.475609094888146,5475.609094888146,141.10480415477008
364,buy,2022-09-29 13:30:00,19043.06,0.2869635107124308,5.470133485793257,5464.663352307463,
365,sell,2022-10-01 16:15:00,19300.15,0.2869635107124308,5.538438801276522,5538.438801276522,68.23701016778236
366,buy,2022-10-01 22:15:00,19316.43,0.2861484995991894,5.532900362475246,5527.36746211277,
367,sell,2022-10-02 22:00:00,19215.24,0.2861484995991894,5.498412095438329,5498.412095438329,-34.45377876987993
368,buy,2022-10-02 23:00:00,18973.28,0.2892183517904942,5.49291368334289,5487.420769659548,
369,sell,2022-10-05 04:00:00,20212.88,0.2892183517904942,5.845935838539045,5845.935838539045,352.66913304095823
370,buy,2022-10-05 05:00:00,20171.52,0.28923203669320935,5.840089902700506,5834.249812797806,
371,sell,2022-10-07 19:45:00,19459.32,0.28923203669320935,5.628258756264902,5628.258756264902,-211.6193152891688
372,buy,2022-10-07 20:15:00,19544.07,0.28740215661380303,5.622630497508638,5617.007867011129,
373,sell,2022-10-08 08:30:00,19482.91,0.28740215661380303,5.5994303511126295,5599.430351112629,-23.176946249612783
374,buy,2022-10-08 11:15:00,19525.17,0.2862068340424568,5.5938309207615164,5588.237089840755,
375,sell,2022-10-08 18:45:00,19477.91,0.2862068340424568,5.574710954863909,5574.710954863909,-19.10084593170996
376,buy,2022-10-08 21:30:00,19338.21,0.28769814308900027,5.569136243909045,5563.567107665136,
377,sell,2022-10-10 03:30:00,19434.6,0.28769814308900027,5.591298331677485,5591.298331677484,22.139925680671084
378,buy,2022-10-10 08:00:00,19297.03,0.2891699565328168,5.585707033345807,5580.121326312461,
379,sell,2022-10-10 14:00:00,19327.9,0.2891699565328168,5.589048002870631,5589.048002870631,3.3376285552981804
380,buy,2022-10-10 16:45:00,19143.73,0.29136827023327705,5.58345895486776,5577.875495912893,
381,sell,2022-10-11 05:30:00,19038.41,0.29136827023327705,5.547188589691924,5547.188589691924,-36.23409481066058
382,buy,2022-10-11 06:30:00,19092.22,0.28996626687211485,5.541641401102232,5536.099759701129,
383,sell,2022-10-13 05:45:00,19090.96,0.28996626687211485,5.535734402204869,5535.734402204869,-5.901091898464324
384,buy,2022-10-13 10:00:00,18977.98,0.29110940517035333,5.530198667802664,5524.668469134862,
385,sell,2022-10-15 05:15:00,19175.77,0.29110940517035333,5.582246998383506,5582.246998383506,51.99628225026093
386,buy,2022-10-15 08:45:00,19070.68,0.2921284446403452,5.576664751385123,5571.088086633738,
387,sell,2022-10-15 13:15:00,19119.21,0.2921284446403452,5.585265080052134,5585.265080052134,8.59172833834348
388,buy,2022-10-15 13:45:00,19168.68,0.2907920699368506,5.579679814972081,5574.100135157109,
389,sell,2022-10-15 16:45:00,19125.56,0.2907920699368506,5.561561181101433,5561.561181101432,-18.100515236778133
390,buy,2022-10-15 23:15:00,19111.82,0.2904194169001388,5.555999619920331,5550.443620300411,
391,sell,2022-10-16 13:45:00,19127.57,0.2904194169001388,5.555017726116588,5555.017726116587,-0.9809119099394019
392,buy,2022-10-16 15:00:00,19153.38,0.28944829819499635,5.549462708390471,5543.91324568208,
393,sell,2022-10-19 04:15:00,19282.59,0.28944829819499635,5.581312860291855,5581.312860291855,31.81830174948337
394,buy,2022-10-19 09:30:00,19241.49,0.28948671936966064,5.5757315474315625,5570.155815884132,
395,sell,2022-10-19 12:00:00,19190.35,0.28948671936966064,5.555351465055566,5555.351465055566,-20.359702293620895
396,buy,2022-10-19 15:00:00,19221.96,0.2884329338671457,5.549796113590511,5544.246317476919,
397,sell,2022-10-21 04:30:00,19051.49,0.2884329338671457,5.495077155240588,5495.077155240588,-54.6642393915722
398,buy,2022-10-21 07:15:00,19062.28,0.2876934184162263,5.4895820780853475,5484.0924960072625,
399,sell,2022-10-23 10:00:00,19172.5,0.2876934184162263,5.5158020645851,5515.802064585099,26.1937665132517
400,buy,2022-10-23 12:30:00,19116.0,0.287966937448106,5.5102862625205145,5504.7759762579935,
401,sell,2022-10-24 07:30:00,19298.26,0.287966937448106,5.5572608302772855,5557.260830277285,46.92759318901405
402,buy,2022-10-24 09:45:00,19382.51,0.2861420871640237,5.551703569447008,5546.15186587756,
403,sell,2022-10-25 12:30:00,19280.98,0.2861420871640237,5.517099859767797,5517.099859767797,-34.56910596953079
404,buy,2022-10-25 12:45:00,19328.3,0.2848709497031876,5.51158275990803,5506.071177148121,
405,sell,2022-10-27 06:45:00,20719.26,0.2848709497031876,5.902315273347266,5902.315273347266,390.34178092579833
406,buy,2022-10-27 10:30:00,20499.87,0.287344092675507,5.8964129580739195,5890.516545115845,
407,sell,2022-10-28 06:00:00,20266.53,0.287344092675507,5.823467674530943,5823.4676745309425,-72.87233825943379
408,buy,2022-10-28 07:45:00,20080.01,0.28943344961728384,5.8176442068564125,5811.826562649555,
409,sell,2022-10-31 06:00:00,20502.6,0.28943344961728384,5.934138244123324,5934.138244123324,116.3775432296447
410,buy,2022-10-31 07:45:00,20546.65,0.28823559567001533,5.9282041058792005,5922.275901773321,
411,sell,2022-11-01 22:00:00,20438.41,0.28823559567001533,5.891077280897998,5891.077280897998,-37.08969815622092
412,buy,2022-11-02 00:45:00,20518.48,0.28653686907672904,5.885186203617101,5879.301017413483,
413,sell,2022-11-02 13:45:00,20398.99,0.28653686907672904,5.845062726927505,5845.0627269275055,-40.08335321290528
414,buy,2022-11-02 16:30:00,20438.12,0.2854165865811717,5.839217664200578,5833.378446536377,
415,sell,2022-11-05 14:00:00,21311.56,0.2854165865811717,6.082672709919836,6082.672709919836,243.21159067353943
416,buy,2022-11-05 15:15:00,21318.14,0.2847581190091024,6.076590037209916,6070.513447172706,
417,sell,2022-11-05 17:00:00,21296.57,0.2847581190091024,6.06437121454568,6064.37121454568,-12.206603841571937
418,buy,2022-11-05 20:45:00,21352.42,0.2834455549529189,6.058306843331135,6052.248536487804,
419,sell,2022-11-07 13:15:00,20723.24,0.2834455549529189,5.873910262222528,5873.910262222527,-184.2121845274991
420,buy,2022-11-07 15:45:00,20764.95,0.2823107359087474,5.868036351960305,5862.1683156083445,
421,sell,2022-11-08 08:15:00,19709.47,0.2823107359087474,5.56419498007138,5564.19498007138,-303.5375305170359
422,buy,2022-11-08 15:45:00,19520.97,0.2844670195336716,5.558630785091309,5553.072154306217,
423,sell,2022-11-09 00:45:00,18335.76,0.2844670195336716,5.215918998084714,5215.918998084714,-342.3690752195884
424,buy,2022-11-09 03:30:00,18242.87,0.2853439385364004,5.210703079086629,5205.492376007543,
425,sell,2022-11-16 00:30:00,16816.87,0.2853439385364004,4.798591919654636,4798.591919654636,-411.6990482725616
426,buy,2022-11-16 02:15:00,16896.39,0.2834332975509707,4.793793327734981,4788.999534407246,
427,sell,2022-11-20 18:00:00,16566.24,0.2834332975509707,4.695424031220793,4695.424031220793,-98.27092721767315
428,buy,2022-11-20 21:30:00,16437.32,0.2850852741555426,4.690728607189572,4686.037878582383,
429,sell,2022-11-21 06:45:00,16091.53,0.2850852741555426,4.587458241632138,4587.458241632138,-103.16709519187694
430,buy,2022-11-21 09:45:00,16112.48,0.2841454520103122,4.582870783390507,4578.287912607116,
431,sell,2022-11-22 05:45:00,15803.9,0.2841454520103122,4.4906063090257735,4490.606309025773,-92.1722098903679
432,buy,2022-11-22 10:45:00,15797.3,0.283695921898934,4.486115702716748,4481.62958701403,
433,sell,2022-11-26 22:15:00,16490.49,0.283695921898934,4.678284763115153,4678.284763115153,191.97689133800756
434,buy,2022-11-26 23:30:00,16474.78,0.28339879936932005,4.673606478352038,4668.932871873686,
435,sell,2022-11-27 15:00:00,16544.93,0.28339879936932005,4.688813297649444,4688.813297649444,15.191612478108771
436,buy,2022-11-27 18:45:00,16564.77,0.2824935305390563,4.684124484351796,4679.4403598674435,
437,sell,2022-11-28 05:15:00,16178.05,0.2824935305390563,4.57019446173738,4570.194461737379,-113.81609259180155
438,buy,2022-11-28 07:45:00,16222.06,0.28116396086615175,4.565624267275641,4561.058643008366,
